{"match_rate": 0.5749502542560248, "rms_dist": 0.05997093572008939}